feature,importance,normalized_importance,cumulative_importance
Census_InternalPrimaryDiagonalDisplaySizeInInches,152814,0.08009119496855346,0.08009119496855346
AvSigVersion,92491,0.04847536687631027,0.12856656184486373
CountryIdentifier,85290,0.04470125786163522,0.17326781970649896
CityIdentifier,77592,0.04066666666666666,0.21393448637316562
AVProductStatesIdentifier,76013,0.03983909853249476,0.2537735849056604
Census_SystemVolumeTotalCapacity,72400,0.037945492662473795,0.2917190775681342
index,69242,0.03629035639412998,0.3280094339622642
Census_OSInstallTypeName,68891,0.036106394129979034,0.3641158280922432
Census_ProcessorModelIdentifier,67113,0.03517452830188679,0.39929035639412996
Census_FirmwareVersionIdentifier,66093,0.03463993710691824,0.4339302935010482
Census_OEMModelIdentifier,61024,0.0319832285115304,0.46591352201257863
LocaleEnglishNameIdentifier,56494,0.02960901467505241,0.495522536687631
Census_OSBuildRevision,55507,0.029091719077568134,0.5246142557651992
Census_OSVersion,53445,0.028011006289308176,0.5526252620545073
GeoNameIdentifier,50611,0.02652568134171908,0.5791509433962264
Wdft_RegionIdentifier,50208,0.02631446540880503,0.6054654088050314
AppVersion,48908,0.025633123689727463,0.6310985324947589
Census_ChassisTypeName,45038,0.02360482180293501,0.6547033542976939
Census_OSBranch,43250,0.022667714884696016,0.6773710691823899
SmartScreen,39668,0.020790356394129978,0.6981614255765198
Census_OEMNameIdentifier,35842,0.01878511530398323,0.716946540880503
EngineVersion,33506,0.017560796645702308,0.7345073375262053
Census_PrimaryDiskTotalCapacity,31492,0.01650524109014675,0.7510125786163521
Census_OSUILocaleIdentifier,30609,0.01604245283018868,0.7670550314465407
OsBuildLab,28484,0.014928721174004194,0.781983752620545
Census_OSInstallLanguageIdentifier,28454,0.014912997903563941,0.7968967505241089
OsPlatformSubRelease,27361,0.01434014675052411,0.811236897274633
IeVerIdentifier,25418,0.013321802935010483,0.8245587002096435
Census_FirmwareManufacturerIdentifier,24396,0.012786163522012579,0.8373448637316561
Census_ActivationChannel,23375,0.01225104821802935,0.8495959119496854
OrganizationIdentifier,21987,0.011523584905660378,0.8611194968553458
Census_TotalPhysicalRAM,21586,0.011313417190775681,0.8724329140461216
Census_OSWUAutoUpdateOptionsName,21350,0.01118972746331237,0.8836226415094339
Census_ProcessorCoreCount,19076,0.0099979035639413,0.8936205450733752
Census_MDC2FormFactor,18038,0.009453878406708596,0.9030744234800838
Census_InternalPrimaryDisplayResolutionHorizontal,17564,0.00920545073375262,0.9122798742138365
Census_InternalPrimaryDisplayResolutionVertical,14323,0.007506813417190776,0.9197866876310272
Census_GenuineStateName,12091,0.006337002096436058,0.9261236897274633
AVProductsInstalled,11822,0.00619601677148847,0.9323197064989518
Wdft_IsGamer,11506,0.006030398322851153,0.9383501048218029
Census_PrimaryDiskTypeName,10704,0.005610062893081761,0.9439601677148847
SkuEdition,8598,0.0045062893081761,0.9484664570230608
Census_MDC2FormFactor_new,8175,0.004284591194968553,0.9527510482180294
RtpStateBitfield,7952,0.004167714884696016,0.9569187631027254
Census_IsSecureBootEnabled,7604,0.0039853249475890985,0.9609040880503145
OsBuild,7242,0.0037955974842767298,0.9646996855345912
Census_PowerPlatformRoleName,6137,0.0032164570230607966,0.967916142557652
Census_FlightRing,5772,0.0030251572327044027,0.9709412997903564
Census_OSBuildNumber,5570,0.0029192872117400417,0.9738605870020964
AVProductsEnabled,5336,0.0027966457023060796,0.9766572327044025
OsSuite,5294,0.0027746331236897276,0.9794318658280923
Census_OSEdition,5123,0.0026850104821802934,0.9821168763102726
IsProtected,4098,0.002147798742138365,0.9842646750524109
Census_OSSkuName,4001,0.0020969601677148847,0.9863616352201258
IsSxsPassiveMode,3950,0.002070230607966457,0.9884318658280922
Firewall,3366,0.0017641509433962265,0.9901960167714884
Census_HasOpticalDiskDrive,2970,0.0015566037735849057,0.9917526205450733
Processor,2671,0.001399895178197065,0.9931525157232703
Census_OSArchitecture,2663,0.0013957023060796646,0.99454821802935
Census_IsTouchEnabled,2212,0.001159329140461216,0.9957075471698112
Census_ProcessorManufacturerIdentifier,1219,0.0006388888888888889,0.9963464360587001
HasTpm,1113,0.0005833333333333334,0.9969297693920335
Census_IsVirtualDevice,1074,0.0005628930817610062,0.9974926624737945
OsVer,1009,0.0005288259958071279,0.9980214884696017
Census_IsPenCapable,957,0.0005015723270440251,0.9985230607966458
Census_IsAlwaysOnAlwaysConnectedCapable,809,0.0004240041928721174,0.9989470649895179
Platform,768,0.0004025157232704403,0.9993495807127883
SMode,710,0.00037211740041928723,0.9997216981132077
Census_IsPortableOperatingSystem,474,0.00024842767295597487,0.9999701257861636
Census_DeviceFamily,57,2.9874213836477987e-05,1.0
